<?xml version="1.0" encoding="utf-8"?>
<ApplicationPackage SchemaVersion="1.0"
                    AutodeskProduct="AutoCAD"
                    Name="TA-Tools"
                    Description="TraceAir CAD team tools for request processing using AutoCAD"
                    AppVersion="1.0.0"
                    ProductType="Application"
                    HelpFile=" "
                    Author="Nikita Prokhor"
                    ProductCode="{C6E2B1A4-9F7D-4C3B-8A2E-1D0F5E7C9B34}"
                    UpgradeCode="{7F3A9D21-5B8E-4E6A-9C7F-2B1A4D0C8F73}"
                    Icon="./Contents/Resources/ico/8-TA-3dPOLY-BY-POINTS-BLOCKS.png">
  <CompanyDetails Name="TraceAir"
                  Phone=" "
                  Url="https://traceair.net"
                  Email=" " />
  <Components Description="TA-Tools CUI">
    <RuntimeRequirements OS="Win32|Win64" Platform="AutoCAD*" SeriesMin="R18.2" />
    <ComponentEntry
        AppName="TA-Tools CUI"
        Version="1.0.0"
        ModuleName="./Contents/Runtime/tatools.cuix"
        AppDescription="TA-Tools custom user interface"
        LoadOnAutoCADStartup="True"
        LoadOnCommandInvocation="False"
        LoadOnAppearance="False" />
  </Components>
  <Components Description="TA-Tools LISP Files">
    <RuntimeRequirements OS="Win32|Win64" Platform="AutoCAD*" SeriesMin="R18.2" />
    <ComponentEntry
        AppName="TA-Tools Geometry"
        Version="1.0.0"
        ModuleName="./Contents/Runtime/TA-cadtools-geometry.lsp"
        AppDescription="Main geometry tools for TA-Tools"
        LoadOnAutoCADStartup="True"
        LoadOnCommandInvocation="False"
        PerDocument="False">
      <LispFunctions>
        <LispFunction>TA-SET-ELEV-FOR-PADS</LispFunction>
        <LispFunction>TA-POINTS-FROM-MLEADERS</LispFunction>
        <LispFunction>TA-CONVER-BROKEN-LEADER</LispFunction>
        <LispFunction>TA-SCALE-LIST-RESET</LispFunction>
        <LispFunction>TA-MULTY-POLYLINE-OFFSET</LispFunction>
        <LispFunction>TA-ADD-PREFIX-SUFFIX-TO-TEXT</LispFunction>
        <LispFunction>TA-POINTS-AT-POLY-ANGLES</LispFunction>
        <LispFunction>TA-3dPOLY-BY-POINTS-BLOCKS</LispFunction>
        <LispFunction>TA-EXP-SLOPE</LispFunction>
      </LispFunctions>
    </ComponentEntry>
  </Components>
</ApplicationPackage>